{
    "mac_per_tile": 0,
    "saved_gaussians_per_tile": 0,
    "gaussians_per_tile": 11801,
    "tile_coords": [
        32,
        16
    ],
    "avg_gaussians_per_tile": 16767.42644135189,
    "max_gaussians_per_tile": 103771,
    "macs_per_tile": 47204,
    "saved_rate_percent": 95.66,
    "quality_metrics": {
        "PSNR": 6.322249889373779,
        "LPIPS": 0.8644980192184448
    }
}